Model,Accuracy,Precision,Recall,F1-score,Time (s)
Naive Bayes,1.0,1.0,1.0,1.0,0.0015141963958740234
Random Forest,1.0,1.0,1.0,1.0,0.10802984237670898
AdaBoost,0.9814814814814815,0.9848484848484849,0.9761904761904763,0.9799023830031581,0.06577205657958984
Decision Tree,0.9444444444444444,0.9524959742351046,0.9411027568922306,0.945475778809112,0.002626180648803711
Gradient Boosting,0.9074074074074074,0.9227994227994228,0.8968253968253967,0.9038637243515293,0.3398573398590088
SVM,0.7592592592592593,0.7444444444444445,0.7063492063492064,0.6869625042999656,0.0010693073272705078
k-NN,0.7407407407407407,0.7260233918128655,0.7268170426065163,0.7260560990364894,0.001397848129272461
