Model,Accuracy,Precision,Recall,F1-score,Time (s)
Naive Bayes,1.0,1.0,1.0,1.0,0.0014789104461669922
Random Forest,1.0,1.0,1.0,1.0,0.10970211029052734
AdaBoost,0.9814814814814815,0.9848484848484849,0.9761904761904763,0.9799023830031581,0.0661475658416748
Decision Tree,0.9444444444444444,0.9583333333333334,0.9411027568922306,0.9469135802469135,0.0027289390563964844
Gradient Boosting,0.9074074074074074,0.9227994227994228,0.8968253968253967,0.9038637243515293,0.3408966064453125
k-NN,0.7592592592592593,0.7426900584795323,0.7426900584795323,0.7426900584795323,0.0013091564178466797
SVM,0.7592592592592593,0.7444444444444445,0.7063492063492064,0.6869625042999656,0.0011034011840820312
